{"cameraMode":{"drawMode":0,"name":"Shaded","section":"Shading Mode"},"sceneLighting":true,"audioPlay":false,"sceneViewState":{"showFog":true,"showMaterialUpdate":false,"showSkybox":true,"showFlares":true,"showImageEffects":true,"showParticleSystems":true},"in2DMode":false,"pivot":{"x":1.35400390625,"y":-1.5302734375,"z":0.3369140625},"rotation":{"x":-0.09585573524236679,"y":-0.008403853513300419,"z":0.0008288518874906004,"w":-0.995421826839447},"size":8.796366691589356,"orthographic":true}